# gameSetting.csv -- tunable game parameters, read by main.lua at startup.
# Format is "setting,value" rows. Lines starting with # are comments and
# are ignored (as is any row that doesn't parse as "key,number"), so put
# comments on their own line -- do NOT put one after a value on the same
# line (e.g. "gap_base,100 # note"), since that makes the whole row fail to
# parse and silently fall back to the default instead of using your value.
#
# After editing, rebuild the game for changes to take effect.
#
# ---- Pipe gap Y-position ----
# Each pipe's gap center is picked as:
#   gap_base + gap_increment * random(gap_roll_min, gap_roll_max)
# With the defaults below, gaps land on 120, 140, 160, ... 300 (10 possible
# heights, 20px apart).
setting,value

# gap_base: the lowest possible gap center position, in pixels from the
# top of the lane (the "random roll" adds on top of this).
gap_base,100

# gap_increment: pixel spacing between each possible gap height.
gap_increment,20

# gap_roll_min: smallest value the random roll can pick (inclusive).
gap_roll_min,1

# gap_roll_max: largest value the random roll can pick (inclusive). Also
# controls how many distinct gap heights exist (gap_roll_max - gap_roll_min
# + 1 of them).
gap_roll_max,10

# ---- Pipe-to-pipe horizontal spacing ----
# Pipes are normally spaced at the game's fixed minimum distance apart, but
# every pipe_spacing_interval_min..max pipes, one gap between two pipes is
# stretched wider by a random pipe_spacing_expand_min..max fraction (e.g.
# the defaults below widen it by 20%-30% every 2-7 pipes), so the rhythm
# isn't perfectly uniform.

# pipe_spacing_interval_min: fewest pipes that can pass before the next
# widened gap (inclusive).
pipe_spacing_interval_min,2

# pipe_spacing_interval_max: most pipes that can pass before the next
# widened gap (inclusive).
pipe_spacing_interval_max,7

# pipe_spacing_expand_min: smallest extra-width fraction applied to a
# widened gap, e.g. 0.20 = at least 20% wider than the normal minimum.
pipe_spacing_expand_min,0.20

# pipe_spacing_expand_max: largest extra-width fraction applied to a
# widened gap, e.g. 0.30 = at most 30% wider than the normal minimum.
pipe_spacing_expand_max,1.50

# ---- Coin spawn rate ----
# Coins are the only thing that puts pipes on either screen -- collecting one
# generates a pipe in the OTHER lane a second later, and nothing else spawns
# pipes at all -- so this is effectively the obstacle rate for both lanes.
# The wait before each coin is picked at random between the two values below.
# Lower them for more coins (and so more pipes on both sides), raise them for
# emptier lanes. The defaults are the game's original 3.5-7.0 second window
# divided by 5.

# coin_spawn_interval_min: shortest possible wait before the next coin, in
# seconds.
coin_spawn_interval_min,0.7

# coin_spawn_interval_max: longest possible wait before the next coin, in
# seconds. Must be at least coin_spawn_interval_min -- a smaller value is
# clamped up to it, since a negative wait would spawn a coin every frame.
coin_spawn_interval_max,1.4

# ---- Opening size ----
# Half the height of the gap a pipe leaves, in pixels, measured from the
# centre of the opening to one jaw. The whole opening is twice this. Every
# other number in this section is a fraction of it, and the AI's up-and-down
# wander is scaled off it too, so raising it makes the game easier across the
# board rather than only for you.

# pipe_gap_half_height: was a hardcoded 50 before it came out here.
pipe_gap_half_height,50

# ---- Pipe shapes ----
# A pipe's jaws can end flat (as they always did) or carry a shaped tip that
# bites into the opening: a triangle that pinches at the centre, a half-moon
# that bulges across it, or a pentagon with a flat tight band through the
# middle. The shapes are artwork as well as hitbox -- the images live in
# mainGame/Assets/jaw_<skin>_<shape>.png and are generated by
# tools/make_pipe_shapes.py, so how DEEP a tip bites is fixed in that script
# and not settable here. What is settable is how often you meet one.

# pipe_shaped_chance: chance from 0 to 1 that a pipe gets a shaped tip rather
# than a flat one. 0 gives the flat pipes the game shipped with; 1 means
# every non-clamp pipe is shaped.
pipe_shaped_chance,0.55

# ---- Clamp pipes ----
# A clamp is a pipe whose jaws squeeze together as it comes at you, so the
# gap you lined up for is not the gap you arrive at. Clamps always keep flat
# jaws: a shaped tip on top of a closing opening stacks two narrowings and
# can leave nothing to fly through, so the shape roll is skipped for them.
# The countdown only runs while the pipe is on screen, so one queued up
# behind a burst of coins does not arrive already shut.

# clamp_pipe_chance: chance from 0 to 1 that a pipe is a clamp. Rolled before
# the shape roll above. 0 turns clamps off entirely.
clamp_pipe_chance,0.18

# clamp_close_time: seconds a clamp takes to close the whole way. A pipe is
# on screen for about 3.6 seconds and reaches you about 2.1 seconds in, so
# 2.5 closes visibly the whole way across and is around 85% shut by the time
# you fly through it. Lower it towards 1 and the jaws snap shut before you
# get there; raise it past 3.6 and the pipe leaves the lane still closing,
# which makes clamp_gap_min below unreachable. Values under 0.25 are clamped
# up to it.
clamp_close_time,2.5

# clamp_gap_min: what a fully closed clamp still leaves open, as a fraction
# of pipe_gap_half_height. 0.45 leaves a little under half. Held inside
# 0.2..1, so it can never shut completely or "close" into a wider gap.
clamp_gap_min,0.45

# ---- Difficulty ramp across a round ----
# A round opens gently and works up, on a clock that restarts from zero every
# round. Three eras:
#
#   0 .. ramp_single_pipe_until   every column carries ONE pipe -- hanging
#                                 from the ceiling or standing off the floor
#                                 -- with open lane past it to fly round
#   .. ramp_two_pipe_by           columns gradually start arriving with both
#                                 pipes, a real gap, mixed in with singles
#   ramp_tighten_at .. _by        that gap closes from wide down to tight
#
# Because the clock is per round rather than per match, the later eras only
# turn up in a run that actually lasts that long -- you have to stay alive
# two minutes on one life to reach the tightening. Lower the numbers here to
# see the whole curve sooner.

# ramp_single_pipe_until: seconds during which every column has one pipe
# only. The gentle opening.
ramp_single_pipe_until,30

# ramp_two_pipe_by: seconds by which every column has both pipes. Between
# this and ramp_single_pipe_until the two kinds are mixed, with two-pipe
# columns getting steadily more likely. Forced to at least one second after
# ramp_single_pipe_until.
ramp_two_pipe_by,90

# ramp_tighten_at: seconds at which the opening starts shrinking from
# ramp_gap_wide toward ramp_gap_tight.
ramp_tighten_at,120

# ramp_tighten_by: seconds by which it has finished shrinking. Forced to at
# least one second after ramp_tighten_at.
ramp_tighten_by,180

# ramp_gap_wide: multiplier on pipe_gap_half_height for the whole early game,
# up to ramp_tighten_at. Above 1 because a column with both pipes needs to be
# more forgiving than one with a single pipe you can simply fly around.
ramp_gap_wide,1.35

# ramp_gap_tight: multiplier once the shrinking is done. Below 1, so a late
# opening is tighter than the game's own base gap.
ramp_gap_tight,0.85
